{
  "val_tile": "09LD2814",
  "train_tiles": [
    "09LD1878",
    "09LD1845",
    "09LD1843",
    "09LD1867",
    "09LD2818",
    "09LD1846",
    "09LD1885",
    "09LD1886",
    "09LD1897",
    "09LD2807"
  ],
  "model": "OccupancyCompletionUNet",
  "params": 79153,
  "config": {
    "epochs": 200,
    "lr": 0.001,
    "base": 8,
    "border_margin": 5,
    "z_scale": 50.0,
    "amp": false,
    "seed": 0,
    "weight_decay": 0.01,
    "eval_every_steps": 50,
    "train_eval_every_steps": 200
  },
  "code_commit": "05cdf6e",
  "peak_cuda_mb": 4062.9,
  "recall_ceiling": {
    "support_size": 2664572,
    "overall": 0.8815,
    "unobserved": {
      "strict": 0.7576,
      "mid": 0.6834,
      "tolerant": 0.7869
    },
    "support_as_pred_iou": {
      "strict": 0.146,
      "mid": 0.0906,
      "tolerant": 0.0869
    }
  },
  "bar": {
    "B1": {
      "strict": 0.146,
      "mid": 0.0906,
      "tolerant": 0.0869
    },
    "B3": {
      "strict": 0.165,
      "mid": 0.1343,
      "tolerant": 0.1409
    },
    "bar": {
      "strict": 0.165,
      "mid": 0.1343,
      "tolerant": 0.1409
    }
  },
  "held_out_unobserved_iou": {
    "strict": 0.3162,
    "mid": 0.1967,
    "tolerant": 0.1959
  },
  "best_epoch": 50,
  "best_prob_threshold": 0.3,
  "train_iou_at_best": {},
  "verdict": {
    "verdict": "A",
    "passes_per_cutoff": {
      "strict": true,
      "mid": true,
      "tolerant": true
    },
    "all_cutoffs_pass": true,
    "note": "real generalization: held-out > max(B1,B3) on all 3 cutoffs.",
    "overfit": null,
    "strict_ratio_to_b3": 1.917,
    "strict_ratio_to_ceiling": 0.417
  },
  "metrics": {
    "completion": {
      "iou": 0.4261240660454796,
      "precision": 0.5263111306244423,
      "recall": 0.6912199174755325,
      "tp": 445935,
      "fp": 401349,
      "fn": 199207
    },
    "per_class_recall": {
      "1": 0.734501119494252,
      "3": 0.6212590639419908,
      "4": 0.6993390861383747
    },
    "unobserved": {
      "strict": {
        "iou": 0.31622952182952185,
        "precision": 0.4707345997964878,
        "recall": 0.49069619795806707,
        "tp": 190133,
        "fp": 213774,
        "fn": 197343
      },
      "mid": {
        "iou": 0.19669151890344017,
        "precision": 0.2981328325327747,
        "recall": 0.366314625960111,
        "tp": 90805,
        "fp": 213774,
        "fn": 157083
      },
      "tolerant": {
        "iou": 0.19589002158328836,
        "precision": 0.275575662074925,
        "recall": 0.40385474915823244,
        "tp": 81321,
        "fp": 213774,
        "fn": 120041
      }
    }
  },
  "history": [
    {
      "epoch": 5,
      "tile_step": 50,
      "val_unobs": {
        "strict": 0.2442,
        "mid": 0.1271,
        "tolerant": 0.1192
      },
      "val_comp_iou": 0.3482,
      "best_prob": 0.4,
      "train_unobs_strict": null,
      "val_pred_voxels": 1237730,
      "last_train_loss": 1.0524
    },
    {
      "epoch": 10,
      "tile_step": 100,
      "val_unobs": {
        "strict": 0.2571,
        "mid": 0.1377,
        "tolerant": 0.1316
      },
      "val_comp_iou": 0.3577,
      "best_prob": 0.3,
      "train_unobs_strict": null,
      "val_pred_voxels": 1224698,
      "last_train_loss": 0.7673
    },
    {
      "epoch": 15,
      "tile_step": 150,
      "val_unobs": {
        "strict": 0.2693,
        "mid": 0.149,
        "tolerant": 0.1425
      },
      "val_comp_iou": 0.3729,
      "best_prob": 0.3,
      "train_unobs_strict": null,
      "val_pred_voxels": 1133692,
      "last_train_loss": 0.7231
    },
    {
      "epoch": 20,
      "tile_step": 200,
      "val_unobs": {
        "strict": 0.2848,
        "mid": 0.1573,
        "tolerant": 0.1512
      },
      "val_comp_iou": 0.3981,
      "best_prob": 0.4,
      "train_unobs_strict": {
        "09LD1878": 0.0628,
        "09LD1845": 0.0549,
        "09LD1843": 0.2263,
        "09LD1867": 0.1104,
        "09LD2818": 0.2529,
        "09LD1846": 0.1825,
        "09LD1885": 0.1753,
        "09LD1886": 0.3247,
        "09LD1897": 0.2603,
        "09LD2807": 0.2514
      },
      "val_pred_voxels": 909415,
      "last_train_loss": 0.7005
    },
    {
      "epoch": 25,
      "tile_step": 250,
      "val_unobs": {
        "strict": 0.2811,
        "mid": 0.1647,
        "tolerant": 0.1651
      },
      "val_comp_iou": 0.4038,
      "best_prob": 0.3,
      "train_unobs_strict": null,
      "val_pred_voxels": 714179,
      "last_train_loss": 0.8322
    },
    {
      "epoch": 30,
      "tile_step": 300,
      "val_unobs": {
        "strict": 0.2833,
        "mid": 0.1839,
        "tolerant": 0.1835
      },
      "val_comp_iou": 0.3774,
      "best_prob": 0.5,
      "train_unobs_strict": null,
      "val_pred_voxels": 978097,
      "last_train_loss": 0.6476
    },
    {
      "epoch": 35,
      "tile_step": 350,
      "val_unobs": {
        "strict": 0.2821,
        "mid": 0.1781,
        "tolerant": 0.1789
      },
      "val_comp_iou": 0.4042,
      "best_prob": 0.3,
      "train_unobs_strict": null,
      "val_pred_voxels": 710764,
      "last_train_loss": 0.7478
    },
    {
      "epoch": 40,
      "tile_step": 400,
      "val_unobs": {
        "strict": 0.3092,
        "mid": 0.2003,
        "tolerant": 0.1992
      },
      "val_comp_iou": 0.4164,
      "best_prob": 0.3,
      "train_unobs_strict": {
        "09LD1878": 0.0918,
        "09LD1845": 0.0552,
        "09LD1843": 0.234,
        "09LD1867": 0.1065,
        "09LD2818": 0.2611,
        "09LD1846": 0.2059,
        "09LD1885": 0.1912,
        "09LD1886": 0.3331,
        "09LD1897": 0.2927,
        "09LD2807": 0.2869
      },
      "val_pred_voxels": 851881,
      "last_train_loss": 0.6228
    },
    {
      "epoch": 45,
      "tile_step": 450,
      "val_unobs": {
        "strict": 0.2799,
        "mid": 0.1614,
        "tolerant": 0.1566
      },
      "val_comp_iou": 0.3911,
      "best_prob": 0.3,
      "train_unobs_strict": null,
      "val_pred_voxels": 975841,
      "last_train_loss": 0.8217
    },
    {
      "epoch": 50,
      "tile_step": 500,
      "val_unobs": {
        "strict": 0.3162,
        "mid": 0.1967,
        "tolerant": 0.1959
      },
      "val_comp_iou": 0.4261,
      "best_prob": 0.3,
      "train_unobs_strict": null,
      "val_pred_voxels": 890231,
      "last_train_loss": 0.5995
    },
    {
      "epoch": 55,
      "tile_step": 550,
      "val_unobs": {
        "strict": 0.2609,
        "mid": 0.2049,
        "tolerant": 0.217
      },
      "val_comp_iou": 0.3359,
      "best_prob": 0.3,
      "train_unobs_strict": null,
      "val_pred_voxels": 477188,
      "last_train_loss": 0.6752
    },
    {
      "epoch": 60,
      "tile_step": 600,
      "val_unobs": {
        "strict": 0.242,
        "mid": 0.1659,
        "tolerant": 0.1652
      },
      "val_comp_iou": 0.3512,
      "best_prob": 0.3,
      "train_unobs_strict": {
        "09LD1878": 0.1686,
        "09LD1845": 0.0794,
        "09LD1843": 0.3088,
        "09LD1867": 0.1359,
        "09LD2818": 0.3308,
        "09LD1846": 0.2597,
        "09LD1885": 0.2046,
        "09LD1886": 0.368,
        "09LD1897": 0.3539,
        "09LD2807": 0.3298
      },
      "val_pred_voxels": 554007,
      "last_train_loss": 0.6414
    },
    {
      "epoch": 65,
      "tile_step": 650,
      "val_unobs": {
        "strict": 0.2835,
        "mid": 0.1938,
        "tolerant": 0.1958
      },
      "val_comp_iou": 0.389,
      "best_prob": 0.3,
      "train_unobs_strict": null,
      "val_pred_voxels": 778566,
      "last_train_loss": 0.4389
    },
    {
      "epoch": 70,
      "tile_step": 700,
      "val_unobs": {
        "strict": 0.2009,
        "mid": 0.1223,
        "tolerant": 0.1284
      },
      "val_comp_iou": 0.2935,
      "best_prob": 0.3,
      "train_unobs_strict": null,
      "val_pred_voxels": 445687,
      "last_train_loss": 0.6474
    },
    {
      "epoch": 75,
      "tile_step": 750,
      "val_unobs": {
        "strict": 0.2242,