{
  "val_tile": "09LD2814",
  "train_tiles": [
    "09LD1878",
    "09LD1845",
    "09LD1843",
    "09LD1867",
    "09LD2818",
    "09LD1846",
    "09LD1885",
    "09LD1886",
    "09LD1897",
    "09LD2807"
  ],
  "model": "OccupancyCompletionUNet",
  "params": 79153,
  "config": {
    "epochs": 200,
    "lr": 0.001,
    "base": 8,
    "border_margin": 5,
    "z_scale": 50.0,
    "amp": false,
    "seed": 0,
    "weight_decay": 0.0001,
    "eval_every_steps": 50,
    "train_eval_every_steps": 200
  },
  "code_commit": "unknown",
  "peak_cuda_mb": 4062.9,
  "recall_ceiling": {
    "support_size": 2664572,
    "overall": 0.8815,
    "unobserved": {
      "strict": 0.7576,
      "mid": 0.6834,
      "tolerant": 0.7869
    },
    "support_as_pred_iou": {
      "strict": 0.146,
      "mid": 0.0906,
      "tolerant": 0.0869
    }
  },
  "bar": {
    "B1": {
      "strict": 0.146,
      "mid": 0.0906,
      "tolerant": 0.0869
    },
    "B3": {
      "strict": 0.165,
      "mid": 0.1343,
      "tolerant": 0.1409
    },
    "bar": {
      "strict": 0.165,
      "mid": 0.1343,
      "tolerant": 0.1409
    }
  },
  "held_out_unobserved_iou": {
    "strict": 0.2879,
    "mid": 0.1911,
    "tolerant": 0.1913
  },
  "best_epoch": 60,
  "best_prob_threshold": 0.4,
  "train_iou_at_best": {
    "09LD1878": 0.1027,
    "09LD1845": 0.0547,
    "09LD1843": 0.2076,
    "09LD1867": 0.1049,
    "09LD2818": 0.2125,
    "09LD1846": 0.2224,
    "09LD1885": 0.1849,
    "09LD1886": 0.3389,
    "09LD1897": 0.3224,
    "09LD2807": 0.2904
  },
  "verdict": {
    "verdict": "A",
    "passes_per_cutoff": {
      "strict": true,
      "mid": true,
      "tolerant": true
    },
    "all_cutoffs_pass": true,
    "note": "real generalization: held-out > max(B1,B3) on all 3 cutoffs.",
    "overfit": "held-out strict peaks 0.288@ep60 then collapses to 0.093@ep200 while train IoU climbs -> overfits the train tiles; early-stop at the peak (more tiles / regularization).",
    "strict_ratio_to_b3": 1.745,
    "strict_ratio_to_ceiling": 0.38
  },
  "metrics": {
    "completion": {
      "iou": 0.3877998629198081,
      "precision": 0.49326284625767713,
      "recall": 0.64460692374702,
      "tp": 415863,
      "fp": 427223,
      "fn": 229279
    },
    "per_class_recall": {
      "1": 0.615307907956876,
      "3": 0.6382223687101736,
      "4": 0.6488752886882128
    },
    "unobserved": {
      "strict": {
        "iou": 0.2879459400737152,
        "precision": 0.424768730882411,
        "recall": 0.47199826569903686,
        "tp": 182888,
        "fp": 247671,
        "fn": 204588
      },
      "mid": {
        "iou": 0.191061003836072,
        "precision": 0.27656249543599737,
        "recall": 0.38195475375976246,
        "tp": 94682,
        "fp": 247671,
        "fn": 153206
      },
      "tolerant": {
        "iou": 0.19129551725597005,
        "precision": 0.2575119390590852,
        "recall": 0.42658495644659866,
        "tp": 85898,
        "fp": 247671,
        "fn": 115464
      }
    }
  },
  "history": [
    {
      "epoch": 5,
      "tile_step": 50,
      "val_unobs": {
        "strict": 0.2478,
        "mid": 0.1263,
        "tolerant": 0.1177
      },
      "val_comp_iou": 0.3668,
      "best_prob": 0.5,
      "train_unobs_strict": null,
      "val_pred_voxels": 1022490,
      "last_train_loss": 1.0582
    },
    {
      "epoch": 10,
      "tile_step": 100,
      "val_unobs": {
        "strict": 0.2576,
        "mid": 0.1345,
        "tolerant": 0.1293
      },
      "val_comp_iou": 0.3647,
      "best_prob": 0.4,
      "train_unobs_strict": null,
      "val_pred_voxels": 1197692,
      "last_train_loss": 0.7625
    },
    {
      "epoch": 15,
      "tile_step": 150,
      "val_unobs": {
        "strict": 0.2604,
        "mid": 0.1409,
        "tolerant": 0.1349
      },
      "val_comp_iou": 0.374,
      "best_prob": 0.3,
      "train_unobs_strict": null,
      "val_pred_voxels": 1074967,
      "last_train_loss": 0.7188
    },
    {
      "epoch": 20,
      "tile_step": 200,
      "val_unobs": {
        "strict": 0.2427,
        "mid": 0.1523,
        "tolerant": 0.1464
      },
      "val_comp_iou": 0.3657,
      "best_prob": 0.3,
      "train_unobs_strict": {
        "09LD1878": 0.095,
        "09LD1845": 0.0613,
        "09LD1843": 0.2282,
        "09LD1867": 0.1139,
        "09LD2818": 0.2284,
        "09LD1846": 0.2096,
        "09LD1885": 0.1758,
        "09LD1886": 0.3115,
        "09LD1897": 0.2803,
        "09LD2807": 0.2679
      },
      "val_pred_voxels": 823458,
      "last_train_loss": 0.6827
    },
    {
      "epoch": 25,
      "tile_step": 250,
      "val_unobs": {
        "strict": 0.2832,
        "mid": 0.1599,
        "tolerant": 0.1567
      },
      "val_comp_iou": 0.3974,
      "best_prob": 0.3,
      "train_unobs_strict": null,
      "val_pred_voxels": 1003414,
      "last_train_loss": 0.7788
    },
    {
      "epoch": 30,
      "tile_step": 300,
      "val_unobs": {
        "strict": 0.2817,
        "mid": 0.1885,
        "tolerant": 0.189
      },
      "val_comp_iou": 0.3735,
      "best_prob": 0.4,
      "train_unobs_strict": null,
      "val_pred_voxels": 945007,
      "last_train_loss": 0.6277
    },
    {
      "epoch": 35,
      "tile_step": 350,
      "val_unobs": {
        "strict": 0.2448,
        "mid": 0.1587,
        "tolerant": 0.1597
      },
      "val_comp_iou": 0.3548,
      "best_prob": 0.3,
      "train_unobs_strict": null,
      "val_pred_voxels": 705819,
      "last_train_loss": 0.5659
    },
    {
      "epoch": 40,
      "tile_step": 400,
      "val_unobs": {
        "strict": 0.2286,
        "mid": 0.1718,
        "tolerant": 0.1781
      },
      "val_comp_iou": 0.3332,
      "best_prob": 0.3,
      "train_unobs_strict": {
        "09LD1878": 0.167,
        "09LD1845": 0.113,
        "09LD1843": 0.3466,
        "09LD1867": 0.2353,
        "09LD2818": 0.3427,
        "09LD1846": 0.2909,
        "09LD1885": 0.2194,
        "09LD1886": 0.3615,
        "09LD1897": 0.3567,
        "09LD2807": 0.3381
      },
      "val_pred_voxels": 494165,
      "last_train_loss": 0.5399
    },
    {
      "epoch": 45,
      "tile_step": 450,
      "val_unobs": {
        "strict": 0.2381,
        "mid": 0.169,
        "tolerant": 0.1733
      },
      "val_comp_iou": 0.3287,
      "best_prob": 0.3,
      "train_unobs_strict": null,
      "val_pred_voxels": 594508,
      "last_train_loss": 0.5754
    },
    {
      "epoch": 50,
      "tile_step": 500,
      "val_unobs": {
        "strict": 0.2295,
        "mid": 0.1615,
        "tolerant": 0.1664
      },
      "val_comp_iou": 0.3188,
      "best_prob": 0.3,
      "train_unobs_strict": null,
      "val_pred_voxels": 494185,
      "last_train_loss": 0.4479
    },
    {
      "epoch": 55,
      "tile_step": 550,
      "val_unobs": {
        "strict": 0.1449,
        "mid": 0.1359,
        "tolerant": 0.1493
      },
      "val_comp_iou": 0.189,
      "best_prob": 0.3,
      "train_unobs_strict": null,
      "val_pred_voxels": 259968,
      "last_train_loss": 0.6188
    },
    {
      "epoch": 60,
      "tile_step": 600,
      "val_unobs": {
        "strict": 0.2879,
        "mid": 0.1911,
        "tolerant": 0.1913
      },
      "val_comp_iou": 0.3878,
      "best_prob": 0.4,
      "train_unobs_strict": {
        "09LD1878": 0.1027,
        "09LD1845": 0.0547,
        "09LD1843": 0.2076,
        "09LD1867": 0.1049,
        "09LD2818": 0.2125,
        "09LD1846": 0.2224,
        "09LD1885": 0.1849,
        "09LD1886": 0.3389,
        "09LD1897": 0.3224,
        "09LD2807": 0.2904
      },
      "val_pred_voxels": 882270,
      "last_train_loss": 0.6239
    },
    {
      "epoch": 65,
      "tile_step": 650,
      "val_unobs": {
        "strict": 0.2026,
        "mid": 0.1358,
        "tolerant": 0.1393
      },
      "val_comp_iou": 0.2823,
      "best_prob": 0.3,
      "train_unobs_strict": null,
      "val_pred_voxels": 500181,
      "last_train_loss": 0.3315
    },
    {
      "epoch": 70,