{
  "val_tile": "09LD2814",
  "train_tiles": [
    "09LD1878",
    "09LD1845",
    "09LD1843",
    "09LD1867",
    "09LD2818",
    "09LD1846",
    "09LD1885",
    "09LD1886",
    "09LD1897",
    "09LD2807"
  ],
  "model": "OccupancyCompletionUNet",
  "params": 79153,
  "config": {
    "epochs": 200,
    "lr": 0.001,
    "base": 8,
    "border_margin": 5,
    "z_scale": 50.0,
    "amp": false,
    "seed": 2,
    "weight_decay": 0.001,
    "eval_every_steps": 50,
    "train_eval_every_steps": 200
  },
  "code_commit": "05cdf6e",
  "peak_cuda_mb": 4063.5,
  "recall_ceiling": {
    "support_size": 2664572,
    "overall": 0.8815,
    "unobserved": {
      "strict": 0.7576,
      "mid": 0.6834,
      "tolerant": 0.7869
    },
    "support_as_pred_iou": {
      "strict": 0.146,
      "mid": 0.0906,
      "tolerant": 0.0869
    }
  },
  "bar": {
    "B1": {
      "strict": 0.146,
      "mid": 0.0906,
      "tolerant": 0.0869
    },
    "B3": {
      "strict": 0.165,
      "mid": 0.1343,
      "tolerant": 0.1409
    },
    "bar": {
      "strict": 0.165,
      "mid": 0.1343,
      "tolerant": 0.1409
    }
  },
  "held_out_unobserved_iou": {
    "strict": 0.3009,
    "mid": 0.1829,
    "tolerant": 0.1831
  },
  "best_epoch": 40,
  "best_prob_threshold": 0.3,
  "train_iou_at_best": {
    "09LD1878": 0.0659,
    "09LD1845": 0.0493,
    "09LD1843": 0.1875,
    "09LD1867": 0.1,
    "09LD2818": 0.2226,
    "09LD1846": 0.1859,
    "09LD1885": 0.175,
    "09LD1886": 0.3025,
    "09LD1897": 0.2565,
    "09LD2807": 0.255
  },
  "verdict": {
    "verdict": "A",
    "passes_per_cutoff": {
      "strict": true,
      "mid": true,
      "tolerant": true
    },
    "all_cutoffs_pass": true,
    "note": "real generalization: held-out > max(B1,B3) on all 3 cutoffs.",
    "overfit": "held-out strict peaks 0.301@ep40 then collapses to 0.038@ep200 while train IoU climbs -> overfits the train tiles; early-stop at the peak (more tiles / regularization).",
    "strict_ratio_to_b3": 1.823,
    "strict_ratio_to_ceiling": 0.397
  },
  "metrics": {
    "completion": {
      "iou": 0.4076256396391703,
      "precision": 0.4922114967462039,
      "recall": 0.7034404828704378,
      "tp": 453819,
      "fp": 468181,
      "fn": 191323
    },
    "per_class_recall": {
      "1": 0.6431729665656927,
      "3": 0.6402878488244342,
      "4": 0.7213083339820708
    },
    "unobserved": {
      "strict": {
        "iou": 0.300853302057559,
        "precision": 0.41715636959520425,
        "recall": 0.5190231136896221,
        "tp": 201109,
        "fp": 280986,
        "fn": 186367
      },
      "mid": {
        "iou": 0.18286397138070692,
        "precision": 0.25605642603349765,
        "recall": 0.3901439359710837,
        "tp": 96712,
        "fp": 280986,
        "fn": 151176
      },
      "tolerant": {
        "iou": 0.18312297345485,
        "precision": 0.23916981438609317,
        "recall": 0.43865774078525244,
        "tp": 88329,
        "fp": 280986,
        "fn": 113033
      }
    }
  },
  "history": [
    {
      "epoch": 5,
      "tile_step": 50,
      "val_unobs": {
        "strict": 0.262,
        "mid": 0.1389,
        "tolerant": 0.1318
      },
      "val_comp_iou": 0.3553,
      "best_prob": 0.5,
      "train_unobs_strict": null,
      "val_pred_voxels": 1255415,
      "last_train_loss": 1.1058
    },
    {
      "epoch": 10,
      "tile_step": 100,
      "val_unobs": {
        "strict": 0.2748,
        "mid": 0.1505,
        "tolerant": 0.1441
      },
      "val_comp_iou": 0.3814,
      "best_prob": 0.5,
      "train_unobs_strict": null,
      "val_pred_voxels": 1037428,
      "last_train_loss": 0.974
    },
    {
      "epoch": 15,
      "tile_step": 150,
      "val_unobs": {
        "strict": 0.2734,
        "mid": 0.1433,
        "tolerant": 0.137
      },
      "val_comp_iou": 0.3816,
      "best_prob": 0.4,
      "train_unobs_strict": null,
      "val_pred_voxels": 1084703,
      "last_train_loss": 0.7232
    },
    {
      "epoch": 20,
      "tile_step": 200,
      "val_unobs": {
        "strict": 0.2795,
        "mid": 0.1608,
        "tolerant": 0.1593
      },
      "val_comp_iou": 0.3869,
      "best_prob": 0.5,
      "train_unobs_strict": {
        "09LD1878": 0.0498,
        "09LD1845": 0.0389,
        "09LD1843": 0.1686,
        "09LD1867": 0.0724,
        "09LD2818": 0.2034,
        "09LD1846": 0.1488,
        "09LD1885": 0.1587,
        "09LD1886": 0.2886,
        "09LD1897": 0.2373,
        "09LD2807": 0.2102
      },
      "val_pred_voxels": 1043346,
      "last_train_loss": 0.6245
    },
    {
      "epoch": 25,
      "tile_step": 250,
      "val_unobs": {
        "strict": 0.2933,
        "mid": 0.1762,
        "tolerant": 0.1769
      },
      "val_comp_iou": 0.3989,
      "best_prob": 0.4,
      "train_unobs_strict": null,
      "val_pred_voxels": 941412,
      "last_train_loss": 0.7037
    },
    {
      "epoch": 30,
      "tile_step": 300,
      "val_unobs": {
        "strict": 0.232,
        "mid": 0.1504,
        "tolerant": 0.1534
      },
      "val_comp_iou": 0.3523,
      "best_prob": 0.3,
      "train_unobs_strict": null,
      "val_pred_voxels": 633895,
      "last_train_loss": 0.6341
    },
    {
      "epoch": 35,
      "tile_step": 350,
      "val_unobs": {
        "strict": 0.282,
        "mid": 0.1806,
        "tolerant": 0.1831
      },
      "val_comp_iou": 0.3877,
      "best_prob": 0.3,
      "train_unobs_strict": null,
      "val_pred_voxels": 850933,
      "last_train_loss": 0.4959
    },
    {
      "epoch": 40,
      "tile_step": 400,
      "val_unobs": {
        "strict": 0.3009,
        "mid": 0.1829,
        "tolerant": 0.1831
      },
      "val_comp_iou": 0.4076,
      "best_prob": 0.3,
      "train_unobs_strict": {
        "09LD1878": 0.0659,
        "09LD1845": 0.0493,
        "09LD1843": 0.1875,
        "09LD1867": 0.1,
        "09LD2818": 0.2226,
        "09LD1846": 0.1859,
        "09LD1885": 0.175,
        "09LD1886": 0.3025,
        "09LD1897": 0.2565,
        "09LD2807": 0.255
      },
      "val_pred_voxels": 981004,
      "last_train_loss": 0.6294
    },
    {
      "epoch": 45,
      "tile_step": 450,
      "val_unobs": {
        "strict": 0.1287,
        "mid": 0.0947,
        "tolerant": 0.1037
      },
      "val_comp_iou": 0.1903,
      "best_prob": 0.3,
      "train_unobs_strict": null,
      "val_pred_voxels": 276350,
      "last_train_loss": 0.4945
    },
    {
      "epoch": 50,
      "tile_step": 500,
      "val_unobs": {
        "strict": 0.2343,
        "mid": 0.1934,
        "tolerant": 0.2058
      },
      "val_comp_iou": 0.2916,
      "best_prob": 0.3,
      "train_unobs_strict": null,
      "val_pred_voxels": 486772,
      "last_train_loss": 0.3938
    },
    {
      "epoch": 55,
      "tile_step": 550,
      "val_unobs": {
        "strict": 0.2146,
        "mid": 0.177,
        "tolerant": 0.1944
      },
      "val_comp_iou": 0.2619,
      "best_prob": 0.3,
      "train_unobs_strict": null,
      "val_pred_voxels": 411125,
      "last_train_loss": 0.4137
    },
    {
      "epoch": 60,
      "tile_step": 600,
      "val_unobs": {
        "strict": 0.1854,
        "mid": 0.1839,
        "tolerant": 0.2004
      },
      "val_comp_iou": 0.2109,
      "best_prob": 0.3,
      "train_unobs_strict": {
        "09LD1878": 0.1352,
        "09LD1845": 0.0834,
        "09LD1843": 0.2856,
        "09LD1867": 0.1383,
        "09LD2818": 0.2882,
        "09LD1846": 0.2589,
        "09LD1885": 0.1854,
        "09LD1886": 0.3322,
        "09LD1897": 0.3303,
        "09LD2807": 0.292
      },
      "val_pred_voxels": 373517,
      "last_train_loss": 0.3647
    },
    {
      "epoch": 65,
      "tile_step": 650,
      "val_unobs": {
        "strict": 0.1036,
        "mid": 0.0901,
        "tolerant": 0.1039
      },
      "val_comp_iou": 0.1199,
      "best_prob": 0.3,
      "train_unobs_strict": null,
      "val_pred_voxels": 178418,
      "last_train_loss": 0.3582
    },
    {
      "epoch": 70,