{
  "val_tile": "09LD2814",
  "train_tiles": [
    "09LD1878",
    "09LD1845",
    "09LD1843",
    "09LD1867",
    "09LD2818",
    "09LD1846",
    "09LD1885",
    "09LD1886",
    "09LD1897",
    "09LD2807"
  ],
  "model": "OccupancyCompletionUNet",
  "params": 79153,
  "config": {
    "epochs": 200,
    "lr": 0.001,
    "base": 8,
    "border_margin": 5,
    "z_scale": 50.0,
    "amp": false,
    "seed": 0,
    "weight_decay": 0.001,
    "eval_every_steps": 50,
    "train_eval_every_steps": 200
  },
  "code_commit": "05cdf6e",
  "peak_cuda_mb": 4062.9,
  "recall_ceiling": {
    "support_size": 2664572,
    "overall": 0.8815,
    "unobserved": {
      "strict": 0.7576,
      "mid": 0.6834,
      "tolerant": 0.7869
    },
    "support_as_pred_iou": {
      "strict": 0.146,
      "mid": 0.0906,
      "tolerant": 0.0869
    }
  },
  "bar": {
    "B1": {
      "strict": 0.146,
      "mid": 0.0906,
      "tolerant": 0.0869
    },
    "B3": {
      "strict": 0.165,
      "mid": 0.1343,
      "tolerant": 0.1409
    },
    "bar": {
      "strict": 0.165,
      "mid": 0.1343,
      "tolerant": 0.1409
    }
  },
  "held_out_unobserved_iou": {
    "strict": 0.2938,
    "mid": 0.1725,
    "tolerant": 0.169
  },
  "best_epoch": 25,
  "best_prob_threshold": 0.3,
  "train_iou_at_best": {},
  "verdict": {
    "verdict": "A",
    "passes_per_cutoff": {
      "strict": true,
      "mid": true,
      "tolerant": true
    },
    "all_cutoffs_pass": true,
    "note": "real generalization: held-out > max(B1,B3) on all 3 cutoffs.",
    "overfit": "held-out strict peaks 0.294@ep25 then collapses to 0.173@ep200 while train IoU climbs -> overfits the train tiles; early-stop at the peak (more tiles / regularization).",
    "strict_ratio_to_b3": 1.781,
    "strict_ratio_to_ceiling": 0.388
  },
  "metrics": {
    "completion": {
      "iou": 0.39626555844017564,
      "precision": 0.46098100047029494,
      "recall": 0.7384033282595149,
      "tp": 476375,
      "fp": 557019,
      "fn": 168767
    },
    "per_class_recall": {
      "1": 0.6697586031722139,
      "3": 0.6834651724895627,
      "4": 0.755667471101237
    },
    "unobserved": {
      "strict": {
        "iou": 0.2938498823364125,
        "precision": 0.3920769175973936,
        "recall": 0.5397882707574146,
        "tp": 209155,
        "fp": 324299,
        "fn": 178321
      },
      "mid": {
        "iou": 0.17252576517816728,
        "precision": 0.23336469542523214,
        "recall": 0.39823226618472857,
        "tp": 98717,
        "fp": 324299,
        "fn": 149171
      },
      "tolerant": {
        "iou": 0.16900816305565755,
        "precision": 0.21503848574333156,
        "recall": 0.4412004251050347,
        "tp": 88841,
        "fp": 324299,
        "fn": 112521
      }
    }
  },
  "history": [
    {
      "epoch": 5,
      "tile_step": 50,
      "val_unobs": {
        "strict": 0.2431,
        "mid": 0.1221,
        "tolerant": 0.1139
      },
      "val_comp_iou": 0.3659,
      "best_prob": 0.5,
      "train_unobs_strict": null,
      "val_pred_voxels": 995151,
      "last_train_loss": 1.0589
    },
    {
      "epoch": 10,
      "tile_step": 100,
      "val_unobs": {
        "strict": 0.2612,
        "mid": 0.129,
        "tolerant": 0.1257
      },
      "val_comp_iou": 0.3825,
      "best_prob": 0.5,
      "train_unobs_strict": null,
      "val_pred_voxels": 988131,
      "last_train_loss": 0.7634
    },
    {
      "epoch": 15,
      "tile_step": 150,
      "val_unobs": {
        "strict": 0.2604,
        "mid": 0.1408,
        "tolerant": 0.1341
      },
      "val_comp_iou": 0.3673,
      "best_prob": 0.3,
      "train_unobs_strict": null,
      "val_pred_voxels": 1118195,
      "last_train_loss": 0.7201
    },
    {
      "epoch": 20,
      "tile_step": 200,
      "val_unobs": {
        "strict": 0.2826,
        "mid": 0.1658,
        "tolerant": 0.1603
      },
      "val_comp_iou": 0.3891,
      "best_prob": 0.3,
      "train_unobs_strict": {
        "09LD1878": 0.0798,
        "09LD1845": 0.0533,
        "09LD1843": 0.1979,
        "09LD1867": 0.1089,
        "09LD2818": 0.2161,
        "09LD1846": 0.1947,
        "09LD1885": 0.1073,
        "09LD1886": 0.302,
        "09LD1897": 0.2714,
        "09LD2807": 0.2652
      },
      "val_pred_voxels": 1070608,
      "last_train_loss": 0.7007
    },
    {
      "epoch": 25,
      "tile_step": 250,
      "val_unobs": {
        "strict": 0.2938,
        "mid": 0.1725,
        "tolerant": 0.169
      },
      "val_comp_iou": 0.3963,
      "best_prob": 0.3,
      "train_unobs_strict": null,
      "val_pred_voxels": 1110651,
      "last_train_loss": 0.7813
    },
    {
      "epoch": 30,
      "tile_step": 300,
      "val_unobs": {
        "strict": 0.2902,
        "mid": 0.1805,
        "tolerant": 0.1773
      },
      "val_comp_iou": 0.3842,
      "best_prob": 0.3,
      "train_unobs_strict": null,
      "val_pred_voxels": 1109385,
      "last_train_loss": 0.6304
    },
    {
      "epoch": 35,
      "tile_step": 350,
      "val_unobs": {
        "strict": 0.2212,
        "mid": 0.1564,
        "tolerant": 0.1584
      },
      "val_comp_iou": 0.3356,
      "best_prob": 0.3,
      "train_unobs_strict": null,
      "val_pred_voxels": 614815,
      "last_train_loss": 0.5999
    },
    {
      "epoch": 40,
      "tile_step": 400,
      "val_unobs": {
        "strict": 0.1868,
        "mid": 0.1435,
        "tolerant": 0.1484
      },
      "val_comp_iou": 0.2933,
      "best_prob": 0.3,
      "train_unobs_strict": {
        "09LD1878": 0.1845,
        "09LD1845": 0.1127,
        "09LD1843": 0.3171,
        "09LD1867": 0.1969,
        "09LD2818": 0.3524,
        "09LD1846": 0.2894,
        "09LD1885": 0.2138,
        "09LD1886": 0.3306,
        "09LD1897": 0.3703,
        "09LD2807": 0.3426
      },
      "val_pred_voxels": 423376,
      "last_train_loss": 0.4964
    },
    {
      "epoch": 45,
      "tile_step": 450,
      "val_unobs": {
        "strict": 0.2699,
        "mid": 0.1841,
        "tolerant": 0.1845
      },
      "val_comp_iou": 0.3675,
      "best_prob": 0.6,
      "train_unobs_strict": null,
      "val_pred_voxels": 876433,
      "last_train_loss": 0.6306
    },
    {
      "epoch": 50,
      "tile_step": 500,
      "val_unobs": {
        "strict": 0.2576,
        "mid": 0.1729,
        "tolerant": 0.173
      },
      "val_comp_iou": 0.3589,
      "best_prob": 0.3,
      "train_unobs_strict": null,
      "val_pred_voxels": 707794,
      "last_train_loss": 0.4682
    },
    {
      "epoch": 55,
      "tile_step": 550,
      "val_unobs": {
        "strict": 0.1705,
        "mid": 0.1121,
        "tolerant": 0.1125
      },
      "val_comp_iou": 0.2711,
      "best_prob": 0.3,
      "train_unobs_strict": null,
      "val_pred_voxels": 427006,
      "last_train_loss": 0.6246
    },
    {
      "epoch": 60,
      "tile_step": 600,
      "val_unobs": {
        "strict": 0.2775,
        "mid": 0.1868,
        "tolerant": 0.1877
      },
      "val_comp_iou": 0.3696,
      "best_prob": 0.3,
      "train_unobs_strict": {
        "09LD1878": 0.1102,
        "09LD1845": 0.059,
        "09LD1843": 0.2359,
        "09LD1867": 0.1162,
        "09LD2818": 0.2252,
        "09LD1846": 0.2249,
        "09LD1885": 0.1997,
        "09LD1886": 0.3291,
        "09LD1897": 0.3331,
        "09LD2807": 0.3166
      },
      "val_pred_voxels": 765354,
      "last_train_loss": 0.6332
    },
    {
      "epoch": 65,
      "tile_step": 650,
      "val_unobs": {
        "strict": 0.0883,
        "mid": 0.0796,
        "tolerant": 0.0878
      },
      "val_comp_iou": 0.1299,
      "best_prob": 0.3,
      "train_unobs_strict": null,
      "val_pred_voxels": 171845,
      "last_train_loss": 0.3863
    },
    {
      "epoch": 70,
      "tile_step": 700,
      "val_unobs": {
        "strict": 0.1923,
        "mid": 0.1674,
        "tolerant": 0.1767
      },
      "val_comp_iou": 0.2451,
      "best_prob": 0.3,
      "train_unobs_strict": null,