{
  "val_tile": "09LD2814",
  "train_tiles": [
    "09LD1878",
    "09LD1845",
    "09LD1843",
    "09LD1867",
    "09LD2818",
    "09LD1846",
    "09LD1885",
    "09LD1886",
    "09LD1897",
    "09LD2807"
  ],
  "model": "OccupancyCompletionUNet",
  "params": 79153,
  "config": {
    "epochs": 200,
    "lr": 0.001,
    "base": 8,
    "border_margin": 5,
    "z_scale": 50.0,
    "amp": false,
    "seed": 1,
    "weight_decay": 0.001,
    "eval_every_steps": 50,
    "train_eval_every_steps": 200
  },
  "code_commit": "unknown",
  "peak_cuda_mb": 4063.0,
  "recall_ceiling": {
    "support_size": 2664572,
    "overall": 0.8815,
    "unobserved": {
      "strict": 0.7576,
      "mid": 0.6834,
      "tolerant": 0.7869
    },
    "support_as_pred_iou": {
      "strict": 0.146,
      "mid": 0.0906,
      "tolerant": 0.0869
    }
  },
  "bar": {
    "B1": {
      "strict": 0.146,
      "mid": 0.0906,
      "tolerant": 0.0869
    },
    "B3": {
      "strict": 0.165,
      "mid": 0.1343,
      "tolerant": 0.1409
    },
    "bar": {
      "strict": 0.165,
      "mid": 0.1343,
      "tolerant": 0.1409
    }
  },
  "held_out_unobserved_iou": {
    "strict": 0.305,
    "mid": 0.193,
    "tolerant": 0.1941
  },
  "best_epoch": 20,
  "best_prob_threshold": 0.7,
  "train_iou_at_best": {
    "09LD1878": 0.0624,
    "09LD1845": 0.0619,
    "09LD1843": 0.2601,
    "09LD1867": 0.1283,
    "09LD2818": 0.3126,
    "09LD1846": 0.1767,
    "09LD1885": 0.1896,
    "09LD1886": 0.2913,
    "09LD1897": 0.2532,
    "09LD2807": 0.2479
  },
  "verdict": {
    "verdict": "A",
    "passes_per_cutoff": {
      "strict": true,
      "mid": true,
      "tolerant": true
    },
    "all_cutoffs_pass": true,
    "note": "real generalization: held-out > max(B1,B3) on all 3 cutoffs.",
    "overfit": null,
    "strict_ratio_to_b3": 1.849,
    "strict_ratio_to_ceiling": 0.403
  },
  "metrics": {
    "completion": {
      "iou": 0.40654619315403884,
      "precision": 0.5096950089577954,
      "recall": 0.6676514627787371,
      "tp": 430730,
      "fp": 414344,
      "fn": 214412
    },
    "per_class_recall": {
      "1": 0.7318482003424336,
      "3": 0.5911228301472204,
      "4": 0.6747449463344332
    },
    "unobserved": {
      "strict": {
        "iou": 0.30502959752649245,
        "precision": 0.4586526665044131,
        "recall": 0.4766282298774634,
        "tp": 184682,
        "fp": 217980,
        "fn": 202794
      },
      "mid": {
        "iou": 0.1929559446023337,
        "precision": 0.291978484565014,
        "recall": 0.36263151100497,
        "tp": 89892,
        "fp": 217980,
        "fn": 157996
      },
      "tolerant": {
        "iou": 0.1940826342221862,
        "precision": 0.2718636322640772,
        "recall": 0.40418251705882935,
        "tp": 81387,
        "fp": 217980,
        "fn": 119975
      }
    }
  },
  "history": [
    {
      "epoch": 5,
      "tile_step": 50,
      "val_unobs": {
        "strict": 0.2553,
        "mid": 0.1306,
        "tolerant": 0.126
      },
      "val_comp_iou": 0.3686,
      "best_prob": 0.4,
      "train_unobs_strict": null,
      "val_pred_voxels": 1052336,
      "last_train_loss": 0.9912
    },
    {
      "epoch": 10,
      "tile_step": 100,
      "val_unobs": {
        "strict": 0.3023,
        "mid": 0.1799,
        "tolerant": 0.1776
      },
      "val_comp_iou": 0.4106,
      "best_prob": 0.6,
      "train_unobs_strict": null,
      "val_pred_voxels": 911635,
      "last_train_loss": 0.9427
    },
    {
      "epoch": 15,
      "tile_step": 150,
      "val_unobs": {
        "strict": 0.2808,
        "mid": 0.1654,
        "tolerant": 0.1612
      },
      "val_comp_iou": 0.3936,
      "best_prob": 0.5,
      "train_unobs_strict": null,
      "val_pred_voxels": 1000678,
      "last_train_loss": 0.8324
    },
    {
      "epoch": 20,
      "tile_step": 200,
      "val_unobs": {
        "strict": 0.305,
        "mid": 0.193,
        "tolerant": 0.1941
      },
      "val_comp_iou": 0.4065,
      "best_prob": 0.7,
      "train_unobs_strict": {
        "09LD1878": 0.0624,
        "09LD1845": 0.0619,
        "09LD1843": 0.2601,
        "09LD1867": 0.1283,
        "09LD2818": 0.3126,
        "09LD1846": 0.1767,
        "09LD1885": 0.1896,
        "09LD1886": 0.2913,
        "09LD1897": 0.2532,
        "09LD2807": 0.2479
      },
      "val_pred_voxels": 886765,
      "last_train_loss": 0.7172
    },
    {
      "epoch": 25,
      "tile_step": 250,
      "val_unobs": {
        "strict": 0.2958,
        "mid": 0.2002,
        "tolerant": 0.2037
      },
      "val_comp_iou": 0.3969,
      "best_prob": 0.3,
      "train_unobs_strict": null,
      "val_pred_voxels": 829407,
      "last_train_loss": 0.5501
    },
    {
      "epoch": 30,
      "tile_step": 300,
      "val_unobs": {
        "strict": 0.2958,
        "mid": 0.1818,
        "tolerant": 0.181
      },
      "val_comp_iou": 0.3992,
      "best_prob": 0.3,
      "train_unobs_strict": null,
      "val_pred_voxels": 1074618,
      "last_train_loss": 0.4859
    },
    {
      "epoch": 35,
      "tile_step": 350,
      "val_unobs": {
        "strict": 0.2361,
        "mid": 0.1997,
        "tolerant": 0.2115
      },
      "val_comp_iou": 0.3026,
      "best_prob": 0.3,
      "train_unobs_strict": null,
      "val_pred_voxels": 498742,
      "last_train_loss": 0.5735
    },
    {
      "epoch": 40,
      "tile_step": 400,
      "val_unobs": {
        "strict": 0.1505,
        "mid": 0.149,
        "tolerant": 0.1639
      },
      "val_comp_iou": 0.1809,
      "best_prob": 0.3,
      "train_unobs_strict": {
        "09LD1878": 0.2008,
        "09LD1845": 0.1357,
        "09LD1843": 0.3724,
        "09LD1867": 0.2422,
        "09LD2818": 0.3292,
        "09LD1846": 0.2627,
        "09LD1885": 0.2077,
        "09LD1886": 0.3504,
        "09LD1897": 0.3506,
        "09LD2807": 0.3197
      },
      "val_pred_voxels": 249814,
      "last_train_loss": 0.5012
    },
    {
      "epoch": 45,
      "tile_step": 450,
      "val_unobs": {
        "strict": 0.2723,
        "mid": 0.1897,
        "tolerant": 0.1941
      },
      "val_comp_iou": 0.3746,
      "best_prob": 0.3,
      "train_unobs_strict": null,
      "val_pred_voxels": 662066,
      "last_train_loss": 0.547
    },
    {
      "epoch": 50,
      "tile_step": 500,
      "val_unobs": {
        "strict": 0.2578,
        "mid": 0.1634,
        "tolerant": 0.1596
      },
      "val_comp_iou": 0.3522,
      "best_prob": 0.3,
      "train_unobs_strict": null,
      "val_pred_voxels": 1008886,
      "last_train_loss": 0.8737
    },
    {
      "epoch": 55,
      "tile_step": 550,
      "val_unobs": {
        "strict": 0.1398,
        "mid": 0.1009,
        "tolerant": 0.1062
      },
      "val_comp_iou": 0.2128,
      "best_prob": 0.3,
      "train_unobs_strict": null,
      "val_pred_voxels": 299057,
      "last_train_loss": 0.6661
    },
    {
      "epoch": 60,
      "tile_step": 600,
      "val_unobs": {
        "strict": 0.1892,
        "mid": 0.1671,
        "tolerant": 0.1818
      },
      "val_comp_iou": 0.2335,
      "best_prob": 0.3,
      "train_unobs_strict": {
        "09LD1878": 0.1731,
        "09LD1845": 0.086,
        "09LD1843": 0.3202,
        "09LD1867": 0.1845,
        "09LD2818": 0.343,
        "09LD1846": 0.2679,
        "09LD1885": 0.2316,
        "09LD1886": 0.3829,
        "09LD1897": 0.3461,
        "09LD2807": 0.3193
      },
      "val_pred_voxels": 347577,
      "last_train_loss": 0.5468
    },
    {
      "epoch": 65,
      "tile_step": 650,
      "val_unobs": {
        "strict": 0.1873,
        "mid": 0.178,
        "tolerant": 0.1923
      },
      "val_comp_iou": 0.229,
      "best_prob": 0.3,
      "train_unobs_strict": null,
      "val_pred_voxels": 393751,
      "last_train_loss": 0.3365
    },
    {
      "epoch": 70,
      "tile_step": 700,
      "val_unobs": {
        "strict": 0.1673,
        "mid": 0.1744,
        "tolerant": 0.1901
      },
      "val_comp_iou": 0.182,